id,ref_id,device_name,device_type,description,ip_address,stream_url,stream_type,location_lat,location_long,location_elevation,zone_id,created_at,updated_at
,1e030d8d-ae26-d83a-90bc-4e807313ec94,scn_device_17,RTSP_CAMERA,Building,192.168.168.17,rtsp://username:password@192.168.168.17/live/C0D788A8-0F5D-4C93-82D8-F9B0DF6760DF,RTSP_VIDEO,1.3546988,103.9465468,0,104,16:57.2,16:57.2
,c309ad44-9972-d59e-1f0e-8236aa5cd3d5,scn_device_18,RTSP_CAMERA,Building,192.168.168.18,rtsp://username:password@192.168.168.18/live/C0D788A8-0F5D-4C93-82D8-F9B0DF6760DF,RTSP_VIDEO,1.3546988,103.9465468,0,104,16:57.2,16:57.2
,727935be-ea9b-d78f-608e-089cf601c764,scn_device_19,RTSP_CAMERA,Building,192.168.168.19,rtsp://username:password@192.168.168.19/live/C0D788A8-0F5D-4C93-82D8-F9B0DF6760DF,RTSP_VIDEO,1.3546988,103.9465468,0,104,16:57.2,16:57.2
,ad4566aa-d832-9417-186f-9241217de966,scn_device_1,RTSP_CAMERA,Facing Carpark Lots,192.168.168.1,rtsp://username:password@192.168.168.1/live/C0D788A8-0F5D-4C93-82D8-F9B0DF6760DF,RTSP_VIDEO,1.3546988,103.9465468,0,104,16:57.2,16:57.2
,6a60ee81-b37e-17cd-f4b4-504b02340c1a,scn_device_2,RTSP_CAMERA,Facing Carpark Lots,192.168.168.2,rtsp://username:password@192.168.168.2/live/C0D788A8-0F5D-4C93-82D8-F9B0DF6760DF,RTSP_VIDEO,1.3546988,103.9465468,0,104,16:57.2,16:57.2
,2cd940e3-730f-c6b3-27c5-3e2f1ad9cfd7,scn_device_3,RTSP_CAMERA,Facing Carpark Lots,192.168.168.3,rtsp://username:password@192.168.168.3/live/C0D788A8-0F5D-4C93-82D8-F9B0DF6760DF,RTSP_VIDEO,1.3546988,103.9465468,0,104,16:57.2,16:57.2
,6b1c9e96-db06-9a6e-ca3d-b7b5d6d7f4b7,scn_device_4,RTSP_CAMERA,Facing Carpark Lots,192.168.168.4,rtsp://username:password@192.168.168.4/live/C0D788A8-0F5D-4C93-82D8-F9B0DF6760DF,RTSP_VIDEO,1.3546988,103.9465468,0,104,16:57.2,16:57.2
,0593b913-3141-a93a-73b6-0c937a85f749,scn_device_5,RTSP_CAMERA,Facing Carpark Lots,192.168.168.5,rtsp://username:password@192.168.168.5/live/C0D788A8-0F5D-4C93-82D8-F9B0DF6760DF,RTSP_VIDEO,1.3546988,103.9465468,0,104,16:57.2,16:57.2
,d28bce6a-3c38-330c-3c6c-51e217bd9392,scn_device_6,RTSP_CAMERA,Facing Carpark Lots,192.168.168.6,rtsp://username:password@192.168.168.6/live/C0D788A8-0F5D-4C93-82D8-F9B0DF6760DF,RTSP_VIDEO,1.3546988,103.9465468,0,104,16:57.2,16:57.2
,8b697513-7450-e694-47b1-6d12fa86d503,scn_device_7,RTSP_CAMERA,Facing Carpark Lots,192.168.168.7,rtsp://username:password@192.168.168.7/live/C0D788A8-0F5D-4C93-82D8-F9B0DF6760DF,RTSP_VIDEO,1.3546988,103.9465468,0,104,16:57.2,16:57.2
,d8c5a2e9-b980-417c-9981-26f8e633e98c,scn_device_8,RTSP_CAMERA,Facing Carpark Lots,192.168.168.8,rtsp://username:password@192.168.168.8/live/C0D788A8-0F5D-4C93-82D8-F9B0DF6760DF,RTSP_VIDEO,1.3546988,103.9465468,0,104,16:57.2,16:57.2
,bb2f2937-0c2b-af29-d179-b1f490472ca2,scn_device_9,RTSP_CAMERA,Facing Carpark Lots,192.168.168.9,rtsp://username:password@192.168.168.9/live/C0D788A8-0F5D-4C93-82D8-F9B0DF6760DF,RTSP_VIDEO,1.3546988,103.9465468,0,104,16:57.2,16:57.2
,e7fbe9ca-3273-1be0-87d8-6ac136fc4e86,scn_device_10,RTSP_CAMERA,Facing Carpark Lots,192.168.168.10,rtsp://username:password@192.168.168.10/live/C0D788A8-0F5D-4C93-82D8-F9B0DF6760DF,RTSP_VIDEO,1.3546988,103.9465468,0,104,16:57.2,16:57.2
,834701c3-374e-fcfc-ae9d-5fbcf7202b9b,scn_device_11,RTSP_CAMERA,Facing Carpark Lots,192.168.168.11,rtsp://username:password@192.168.168.11/live/C0D788A8-0F5D-4C93-82D8-F9B0DF6760DF,RTSP_VIDEO,1.3546988,103.9465468,0,104,16:57.2,16:57.2
,bb48a00d-7e94-5c9c-e0bb-330e8a6e6841,scn_device_12,RTSP_CAMERA,Facing Carpark Lots,192.168.168.12,rtsp://username:password@192.168.168.12/live/C0D788A8-0F5D-4C93-82D8-F9B0DF6760DF,RTSP_VIDEO,1.3546988,103.9465468,0,104,16:57.2,16:57.2
,377bd605-a84d-b693-2507-b25bd76d5c81,scn_device_13,RTSP_CAMERA,Building,192.168.168.13,rtsp://username:password@192.168.168.13/live/C0D788A8-0F5D-4C93-82D8-F9B0DF6760DF,RTSP_VIDEO,1.3546988,103.9465468,0,104,16:57.2,16:57.2
,b7dbfb7b-b9ed-25d8-514c-609102714be7,scn_device_14,RTSP_CAMERA,Facing Carpark Lots,192.168.168.14,rtsp://username:password@192.168.168.14/live/C0D788A8-0F5D-4C93-82D8-F9B0DF6760DF,RTSP_VIDEO,1.3546988,103.9465468,0,104,16:57.2,16:57.2
,9c8b3807-8bfb-1b74-9074-d68996d12b38,scn_device_15,RTSP_CAMERA,Building,192.168.168.15,rtsp://username:password@192.168.168.15/live/C0D788A8-0F5D-4C93-82D8-F9B0DF6760DF,RTSP_VIDEO,1.3546988,103.9465468,0,104,16:57.2,16:57.2
,ccd09d46-690f-df54-aa94-66f2caa1372a,scn_device_16,RTSP_CAMERA,Building,192.168.168.16,rtsp://username:password@192.168.168.16/live/C0D788A8-0F5D-4C93-82D8-F9B0DF6760DF,RTSP_VIDEO,1.3546988,103.9465468,0,104,16:57.2,16:57.2
,35a6af99-69f0-b7e6-561e-8d07dcee5b2d,scn_device_17,RTSP_CAMERA,Void Item Slot,192.168.168.17,rtsp://username:password@192.168.168.17/live/C0D788A8-0F5D-4C93-82D8-F9B0DF6760DF,RTSP_VIDEO,1.3546988,103.9465468,0,104,16:57.2,16:57.2
,c76a81ad-744c-a7d9-761b-a282866c086b,scn_device_18,RTSP_CAMERA,Void Item Slot,192.168.168.18,rtsp://username:password@192.168.168.18/live/C0D788A8-0F5D-4C93-82D8-F9B0DF6760DF,RTSP_VIDEO,1.3546988,103.9465468,0,104,16:57.2,16:57.2
,38512294-c103-dcb6-6a0d-2fb50f53c04c,scn_device_19,RTSP_CAMERA,Facing Carpark Lots,192.168.168.19,rtsp://username:password@192.168.168.19/live/C0D788A8-0F5D-4C93-82D8-F9B0DF6760DF,RTSP_VIDEO,1.3546988,103.9465468,0,104,16:57.2,16:57.2
